modo,workers,tiempo_ms
sequential,0,358.4200
sequential,0,323.3130
sequential,0,314.9890
sequential,0,302.0060
sequential,0,327.3530
sequential,0,280.4720
sequential,0,331.5770
sequential,0,347.8310
sequential,0,313.0040
sequential,0,315.6940
sequential,0,324.9960
sequential,0,302.0720
sequential,0,356.9080
sequential,0,296.3530
sequential,0,372.3330
sequential,0,324.5410
sequential,0,320.2850
sequential,0,364.5990
sequential,0,364.8540
sequential,0,328.1050
sequential,0,325.3870
sequential,0,371.6460
sequential,0,297.9870
sequential,0,335.0700
sequential,0,302.7370
sequential,0,277.8850
sequential,0,271.4500
sequential,0,290.8270
sequential,0,289.4260
sequential,0,336.5560
sequential,0,292.0750
sequential,0,285.5180
sequential,0,294.9640
sequential,0,277.2660
sequential,0,263.5340
sequential,0,273.0830
sequential,0,253.6720
sequential,0,256.2330
sequential,0,251.7100
sequential,0,253.5290
sequential,0,267.1830
sequential,0,258.9110
sequential,0,262.7960
sequential,0,254.5760
sequential,0,306.0170
sequential,0,279.6870
sequential,0,304.9940
sequential,0,279.6480
sequential,0,257.4860
sequential,0,264.3050
sequential,0,264.5140
sequential,0,261.4580
sequential,0,263.9810
sequential,0,263.4240
sequential,0,271.7770
sequential,0,252.7050
sequential,0,260.2160
sequential,0,268.9730
sequential,0,268.3890
sequential,0,250.9810
sequential,0,246.5210
sequential,0,264.1960
sequential,0,254.1320
sequential,0,246.4220
sequential,0,251.3700
sequential,0,258.8440
sequential,0,261.8320
sequential,0,252.6310
sequential,0,253.4760
sequential,0,253.5080
sequential,0,262.7080
sequential,0,253.2150
sequential,0,256.7360
sequential,0,270.0930
sequential,0,290.4460
sequential,0,258.1650
sequential,0,255.4180
sequential,0,257.0240
sequential,0,249.1780
sequential,0,270.9860
sequential,0,264.6390
sequential,0,268.9340
sequential,0,260.7120
sequential,0,248.0250
sequential,0,251.7060
sequential,0,252.8760
sequential,0,258.8940
sequential,0,248.9540
sequential,0,258.0080
sequential,0,255.5550
sequential,0,248.2860
sequential,0,251.7730
sequential,0,249.6010
sequential,0,261.7800
sequential,0,256.6410
sequential,0,255.2920
sequential,0,252.5350
sequential,0,261.0340
sequential,0,262.2570
sequential,0,250.8960
sequential,0,268.6090
sequential,0,250.7390
sequential,0,256.5280
sequential,0,252.6070
sequential,0,252.0170
sequential,0,261.6010
sequential,0,261.2660
sequential,0,252.4540
sequential,0,258.4010
sequential,0,251.5710
sequential,0,257.3870
sequential,0,260.5770
sequential,0,257.3680
sequential,0,252.3870
sequential,0,257.7180
sequential,0,252.3250
sequential,0,265.6870
sequential,0,253.1050
sequential,0,250.2050
sequential,0,261.7150
sequential,0,261.2270
sequential,0,254.4190
sequential,0,276.2500
sequential,0,257.1360
sequential,0,254.6540
sequential,0,253.8340
sequential,0,278.8540
sequential,0,268.3250
sequential,0,259.0860
sequential,0,290.1260
sequential,0,258.9410
sequential,0,260.4430
sequential,0,244.6540
sequential,0,260.2330
sequential,0,258.3610
sequential,0,254.3410
sequential,0,249.3300
sequential,0,286.4090
sequential,0,250.9590
sequential,0,246.5700
sequential,0,249.4970
sequential,0,271.1140
sequential,0,249.3680
sequential,0,247.8580
sequential,0,251.2110
sequential,0,265.7110
sequential,0,269.2980
sequential,0,269.3170
sequential,0,254.2590
sequential,0,247.4420
sequential,0,256.2020
sequential,0,281.1990
sequential,0,263.5870
sequential,0,254.8960
sequential,0,254.6760
sequential,0,255.5200
sequential,0,254.9920
sequential,0,252.4000
sequential,0,251.9550
sequential,0,248.3580
sequential,0,264.1740
sequential,0,252.8870
sequential,0,265.9670
sequential,0,254.2560
sequential,0,256.1000
sequential,0,252.8280
sequential,0,258.3110
sequential,0,255.3470
sequential,0,258.0590
sequential,0,262.3660
sequential,0,262.1850
sequential,0,264.0780
sequential,0,253.3340
sequential,0,254.1490
sequential,0,258.3340
sequential,0,254.6970
sequential,0,261.7950
sequential,0,259.0370
sequential,0,261.1880
sequential,0,261.2230
sequential,0,263.8990
sequential,0,267.1630
sequential,0,262.9670
sequential,0,258.8520
sequential,0,257.9790
sequential,0,257.0820
sequential,0,254.7950
sequential,0,252.2390
sequential,0,252.3780
sequential,0,266.1440
sequential,0,255.9690
sequential,0,275.7060
sequential,0,265.2320
sequential,0,254.9760
sequential,0,253.9300
sequential,0,273.4100
sequential,0,251.6000
sequential,0,261.0530
sequential,0,246.8430
sequential,0,254.9250
sequential,0,252.4440
sequential,0,249.8850
sequential,0,252.8210
sequential,0,263.0820
sequential,0,283.9200
sequential,0,261.2630
sequential,0,262.2320
sequential,0,256.3700
sequential,0,265.7180
sequential,0,271.1090
sequential,0,258.2020
sequential,0,248.2660
sequential,0,258.0420
sequential,0,260.0510
sequential,0,259.8190
sequential,0,252.5300
sequential,0,249.5250
sequential,0,261.7960
sequential,0,245.1720
sequential,0,249.4560
sequential,0,262.4160
sequential,0,268.8760
sequential,0,276.0840
sequential,0,253.1320
sequential,0,254.0130
sequential,0,257.0000
sequential,0,261.7960
sequential,0,248.0670
sequential,0,254.1000
sequential,0,268.1350
sequential,0,258.3360
sequential,0,257.7180
sequential,0,254.9520
sequential,0,254.2390
sequential,0,244.1820
sequential,0,256.5360
sequential,0,267.4370
sequential,0,269.6710
sequential,0,273.4020
sequential,0,267.2830
sequential,0,261.8560
sequential,0,248.8910
sequential,0,268.1150
sequential,0,254.9290
sequential,0,275.1680
sequential,0,264.6660
sequential,0,256.9110
sequential,0,268.1020
sequential,0,257.4260
sequential,0,268.3680
sequential,0,249.4940
sequential,0,255.3420
sequential,0,270.7310
sequential,0,264.4880
sequential,0,287.7500
sequential,0,273.4000
sequential,0,252.2970
sequential,0,259.6850
sequential,0,271.0120
sequential,0,273.3970
sequential,0,258.3470
sequential,0,275.4580
sequential,0,270.5480
sequential,0,290.6520
sequential,0,270.8940
sequential,0,255.9890
sequential,0,272.4740
sequential,0,261.8220
sequential,0,273.8130
sequential,0,260.9590
sequential,0,250.1590
sequential,0,311.9240
sequential,0,260.9740
sequential,0,255.4320
sequential,0,247.0620
sequential,0,262.0620
sequential,0,256.5720
sequential,0,268.3730
sequential,0,264.7890
sequential,0,250.1450
sequential,0,266.3630
sequential,0,255.1360
sequential,0,257.7650
sequential,0,245.6680
sequential,0,248.4550
sequential,0,271.6650
sequential,0,259.1120
sequential,0,260.5000
sequential,0,266.4950
sequential,0,281.4000
sequential,0,267.1140
sequential,0,267.8410
sequential,0,278.4650
sequential,0,260.0650
sequential,0,274.6300
sequential,0,262.2720
sequential,0,258.6690
sequential,0,254.6560
sequential,0,246.6890
sequential,0,242.2260
concurrent,32,73.1620
concurrent,32,87.3370
concurrent,32,86.9170
concurrent,32,73.0730
concurrent,32,90.8340
concurrent,32,74.8630
concurrent,32,80.7380
concurrent,32,85.7550
concurrent,32,85.2220
concurrent,32,86.8830
concurrent,32,85.8390
concurrent,32,102.3140
concurrent,32,89.5330
concurrent,32,92.6310
concurrent,32,89.4670
concurrent,32,92.7940
concurrent,32,90.4010
concurrent,32,80.3530
concurrent,32,86.8650
concurrent,32,87.3380
concurrent,32,85.0020
concurrent,32,85.8910
concurrent,32,82.2550
concurrent,32,90.8090
concurrent,32,88.9080
concurrent,32,88.9670
concurrent,32,80.7200
concurrent,32,87.8420
concurrent,32,91.4800
concurrent,32,95.2580
concurrent,32,91.3350
concurrent,32,89.2960
concurrent,32,97.9730
concurrent,32,94.9460
concurrent,32,87.3630
concurrent,32,87.9860
concurrent,32,87.1560
concurrent,32,90.7470
concurrent,32,88.7380
concurrent,32,89.8400
concurrent,32,92.6490
concurrent,32,94.7770
concurrent,32,92.2730
concurrent,32,96.6120
concurrent,32,92.0110
concurrent,32,86.2360
concurrent,32,90.2370
concurrent,32,83.5300
concurrent,32,117.4000
concurrent,32,111.5170
concurrent,32,103.1970
concurrent,32,99.8290
concurrent,32,91.5330
concurrent,32,101.1090
concurrent,32,92.3370
concurrent,32,97.3840
concurrent,32,96.4370
concurrent,32,100.0020
concurrent,32,89.3950
concurrent,32,78.6890
concurrent,32,89.6030
concurrent,32,87.7230
concurrent,32,87.2820
concurrent,32,86.5080
concurrent,32,80.6120
concurrent,32,84.2950
concurrent,32,88.4370
concurrent,32,83.7400
concurrent,32,95.2590
concurrent,32,96.3270
concurrent,32,83.8550
concurrent,32,84.9500
concurrent,32,92.2250
concurrent,32,101.7590
concurrent,32,86.4120
concurrent,32,84.2840
concurrent,32,92.2790
concurrent,32,85.9400
concurrent,32,77.2580
concurrent,32,92.2550
concurrent,32,89.4060
concurrent,32,77.3390
concurrent,32,96.9350
concurrent,32,92.3280
concurrent,32,85.8070
concurrent,32,89.2550
concurrent,32,84.3070
concurrent,32,81.8840
concurrent,32,88.4840
concurrent,32,96.7780
concurrent,32,99.6220
concurrent,32,93.0400
concurrent,32,85.9840
concurrent,32,80.1500
concurrent,32,90.4200
concurrent,32,106.6000
concurrent,32,102.9730
concurrent,32,101.3370
concurrent,32,93.0910
concurrent,32,85.8760
concurrent,32,80.5500
concurrent,32,93.1070
concurrent,32,89.7680
concurrent,32,80.4650
concurrent,32,86.4210
concurrent,32,83.4440
concurrent,32,86.1700
concurrent,32,85.4480
concurrent,32,92.0630
concurrent,32,96.2200
concurrent,32,106.1230
concurrent,32,82.5870
concurrent,32,95.1850
concurrent,32,104.8450
concurrent,32,93.7650
concurrent,32,93.6270
concurrent,32,88.5840
concurrent,32,89.6680
concurrent,32,91.0410
concurrent,32,83.1170
concurrent,32,83.9720
concurrent,32,85.2410
concurrent,32,94.8710
concurrent,32,99.9160
concurrent,32,85.6210
concurrent,32,88.0650
concurrent,32,80.2030
concurrent,32,87.6810
concurrent,32,80.2650
concurrent,32,85.1590
concurrent,32,94.3710
concurrent,32,88.3690
concurrent,32,86.4980
concurrent,32,84.9380
concurrent,32,90.2350
concurrent,32,111.2580
concurrent,32,91.2100
concurrent,32,94.6510
concurrent,32,89.3660
concurrent,32,89.6170
concurrent,32,80.4160
concurrent,32,91.1600
concurrent,32,86.5040
concurrent,32,92.3260
concurrent,32,86.0370
concurrent,32,81.7280
concurrent,32,88.4350
concurrent,32,88.8700
concurrent,32,82.7890
concurrent,32,95.6260
concurrent,32,97.8290
concurrent,32,93.4570
concurrent,32,86.3330
concurrent,32,94.5120
concurrent,32,90.5020
concurrent,32,87.5670
concurrent,32,89.6520
concurrent,32,96.7950
concurrent,32,120.8640
concurrent,32,88.7450
concurrent,32,90.2420
concurrent,32,99.2420
concurrent,32,111.2560
concurrent,32,105.3410
concurrent,32,90.6000
concurrent,32,97.8570
concurrent,32,92.7580
concurrent,32,96.9210
concurrent,32,87.9670
concurrent,32,91.7350
concurrent,32,93.5390
concurrent,32,87.0320
concurrent,32,97.5830
concurrent,32,87.1950
concurrent,32,91.8620
concurrent,32,99.9360
concurrent,32,104.5800
concurrent,32,87.2210
concurrent,32,103.4790
concurrent,32,87.2560
concurrent,32,102.6740
concurrent,32,88.0400
concurrent,32,90.2820
concurrent,32,94.2960
concurrent,32,91.9810
concurrent,32,90.2090
concurrent,32,86.2170
concurrent,32,99.0890
concurrent,32,109.5700
concurrent,32,109.5510
concurrent,32,99.0290
concurrent,32,99.2850
concurrent,32,97.1320
concurrent,32,91.1890
concurrent,32,87.6750
concurrent,32,92.9310
concurrent,32,94.5970
concurrent,32,88.1320
concurrent,32,89.1430
concurrent,32,92.0210
concurrent,32,87.2550
concurrent,32,111.2980
concurrent,32,96.7640
concurrent,32,85.2720
concurrent,32,86.0530
concurrent,32,87.8300
concurrent,32,82.7420
concurrent,32,93.2380
concurrent,32,88.3000
concurrent,32,83.6660
concurrent,32,93.1800
concurrent,32,84.8830
concurrent,32,87.0770
concurrent,32,90.4000
concurrent,32,96.6990
concurrent,32,100.9420
concurrent,32,87.7830
concurrent,32,87.8060
concurrent,32,85.3540
concurrent,32,86.3920
concurrent,32,101.3750
concurrent,32,96.0900
concurrent,32,92.6060
concurrent,32,91.6110
concurrent,32,101.3730
concurrent,32,90.5020
concurrent,32,91.7140
concurrent,32,100.7890
concurrent,32,102.3390
concurrent,32,94.1990
concurrent,32,89.8040
concurrent,32,96.6550
concurrent,32,97.0020
concurrent,32,89.0770
concurrent,32,98.3010
concurrent,32,86.3390
concurrent,32,89.8420
concurrent,32,87.8830
concurrent,32,96.4530
concurrent,32,81.7210
concurrent,32,97.4000
concurrent,32,101.1740
concurrent,32,99.2380
concurrent,32,89.0460
concurrent,32,86.5410
concurrent,32,104.4640
concurrent,32,85.7220
concurrent,32,90.2680
concurrent,32,79.2310
concurrent,32,84.3310
concurrent,32,91.1020
concurrent,32,89.9530
concurrent,32,91.9990
concurrent,32,100.3570
concurrent,32,99.9840
concurrent,32,92.3000
concurrent,32,85.9840
concurrent,32,83.7710
concurrent,32,107.9280
concurrent,32,88.3240
concurrent,32,85.1440
concurrent,32,96.2240
concurrent,32,91.8100
concurrent,32,89.7000
concurrent,32,93.2530
concurrent,32,82.3000
concurrent,32,97.3520
concurrent,32,118.2910
concurrent,32,87.2920
concurrent,32,82.2110
concurrent,32,89.0570
concurrent,32,87.8870
concurrent,32,84.4770
concurrent,32,96.7920
concurrent,32,96.0970
concurrent,32,92.9530
concurrent,32,88.2030
concurrent,32,90.5240
concurrent,32,90.6910
concurrent,32,93.3000
concurrent,32,90.7580
concurrent,32,94.8980
concurrent,32,84.2280
concurrent,32,87.6520
concurrent,32,96.7460
concurrent,32,95.8070
concurrent,32,94.0960
concurrent,32,89.5300
concurrent,32,101.5970
concurrent,32,115.2910
concurrent,32,104.6060
concurrent,32,88.8530
concurrent,32,97.5940
concurrent,32,104.5350
concurrent,32,111.5650
concurrent,32,94.7170
concurrent,32,97.3510
concurrent,32,85.9750
concurrent,32,95.9620
concurrent,32,99.0690
