section,metric,value
global,daily_input_rows,3510403
global,complete_daily_rows,3469352
global,households,5560
global,model_rows,3285438
global,train_q1,4.6290000000000004
global,train_q3,12.285999999999998
global,global_upper_cap,35.25699999999999
train,rows,2559364
train,capped_rows,2128
train,capped_pct,0.0831
train,mean_raw,9.930660145472855
train,mean_capped,9.91745156262654
train,max_raw,332.5560009999999
train,max_capped,239.27499929999996
validation,rows,452163
validation,capped_rows,1139
validation,capped_pct,0.2519
validation,mean_raw,10.77968349445399
validation,mean_capped,10.742795685745142
validation,max_raw,270.8149999000001
validation,max_capped,173.91049859999993
test,rows,273911
test,capped_rows,786
test,capped_pct,0.2870
test,mean_raw,11.416111583600204
test,mean_capped,11.37848818395177
test,max_raw,247.30399870000005
test,max_capped,173.91049859999993
